name,slug
visa,visa
immigration,immigration
travel,travel
education,education
job,job
career,career
abroad,abroad
study,study
work,work
migration,migration
passport,passport
application,application
requirements,requirements
tips,tips
guide,guide
process,process
documentation,documentation
interview,interview
success,success
experience,experience
country-specific,country-specific
australia,australia
canada,canada
usa,usa
uk,uk
germany,germany
dubai,dubai
singapore,singapore
new-zealand,new-zealand
scholarship,scholarship
university,university
college,college
admission,admission
language-test,language-test
ielts,ielts
toefl,toefl
pte,pte
skilled-worker,skilled-worker
student-visa,student-visa
work-permit,work-permit
permanent-residence,permanent-residence
citizenship,citizenship
family-sponsorship,family-sponsorship
business-visa,business-visa
